insert into patrocinador (cif,nombre,web,telefono,email) values ('A58818501','Steelseries','www.steelseries.com','633626345','steelseries@hotmail.com');
insert into patrocinador (cif,nombre,web,telefono,email) values ('A77518221','Razer','www.Razer.com','633647586','Razer@hotmail.com');
insert into patrocinador (cif,nombre,web,telefono,email) values ('A56456423','Ozone','www.Ozone.com','623423423','Ozone@hotmail.com');
insert into patrocinador (cif,nombre,web,telefono,email) values ('A75496898','Asus','www.asus.com','698437586','Asus@hotmail.com');
insert into patrocinador (cif,nombre,web,telefono,email) values ('A54883829','Acer','www.acer.com','677483910','Acer@hotmail.com');
insert into patrocinador (cif,nombre,web,telefono,email) values ('A98435849','Lvp','www.lvp.es','648323884','lvp@hotmail.com');
insert into patrocinador (cif,nombre,web,telefono,email) values ('A58345466','Ubisoft','www.ubisoft.com','634553921','ubisoft@hotmail.com');

insert into liga (numdivision,region,numequipos,fechaini,telefono,email) values (1,'Europa',10,'1/11/2014','617784646','liga1eu@hotmail.com');
insert into liga (numdivision,region,numequipos,fechaini,telefono,email) values (2,'Europa',10,'1/11/2014','614340867','liga2eu@hotmail.com');
insert into liga (numdivision,region,numequipos,fechaini,telefono,email) values (1,'North America',10,'1/11/2014','613847567','liga1NA@hotmail.com');
insert into liga (numdivision,region,numequipos,fechaini,telefono,email) values (2,'North America',10,'1/11/2014','617475809','liga2NA@hotmail.com');

insert into entrenador(nickentrenador,nombre,apellido1,edad,telefono,email) values ('Deylor','Antonio','Rivas',20,'698584781','Deylor@hotmail.com');
insert into entrenador(nickentrenador,nombre,apellido1,edad,telefono,email) values ('Kassadin','Pepe','Morales',21,'677823631','Kassadin@hotmail.com');
insert into entrenador(nickentrenador,nombre,apellido1,edad,telefono,email) values ('Mordekaiser','Diego','Romero',22,'683578309','Mordekaiser@hotmail.com');
insert into entrenador(nickentrenador,nombre,apellido1,edad,telefono,email) values ('Anner','Samuel','Hernandez',23,'699837485','Anner@hotmail.com');
insert into entrenador(nickentrenador,nombre,apellido1,edad,telefono,email) values ('Vladimir','Alberto','meseguer',20,'697812134','Vladimir@hotmail.com');
insert into entrenador(nickentrenador,nombre,apellido1,edad,telefono,email) values ('Rammus','Alejandro','Martinez',21,'689900351','Rammus@hotmail.com');
insert into entrenador(nickentrenador,nombre,apellido1,edad,telefono,email) values ('Alexich','Bartolo','Marin',20,'600348586','Alexich@hotmail.com');
insert into entrenador(nickentrenador,nombre,apellido1,edad,telefono,email) values ('Taric','Manuel','Rivas',21,'690983881','Taric@hotmail.com');
insert into entrenador(nickentrenador,nombre,apellido1,edad,telefono,email) values ('Light','Alejandro','Villegas',20,'601988421','Light@hotmail.com');
insert into entrenador(nickentrenador,nombre,apellido1,edad,telefono,email) values ('Guillazas','Guillermo','Prats',20,'693347881','Guillazas@hotmail.com');
insert into entrenador(nickentrenador,nombre,apellido1,edad,telefono,email) values ('Wirrels','Nico','Garcia',23,'601236791','Wirrels@hotmail.com');
insert into entrenador(nickentrenador,nombre,apellido1,edad,telefono,email) values ('Kennen','Paco','Costa',23,'691122399','Kennen@hotmail.com');
insert into entrenador(nickentrenador,nombre,apellido1,edad,telefono,email) values ('Jack1','Alex','Miras',24,'65333549','Jack1@hotmail.com');
insert into entrenador(nickentrenador,nombre,apellido1,edad,telefono,email) values ('Thor','Sergio','Ramos',21,'688991234','Rammus@hotmail.com');
insert into entrenador(nickentrenador,nombre,apellido1,edad,telefono,email) values ('Jasick','JoseManuel','Martinez',20,'631214456','Jasick@hotmail.com');
insert into entrenador(nickentrenador,nombre,apellido1,edad,telefono,email) values ('Graves','Manolo','Capel',23,'620339984','Graves@hotmail.com');
insert into entrenador(nickentrenador,nombre,apellido1,edad,telefono,email) values ('Corki','Agustin','Gabo',21,'634566930','Corki@hotmail.com');
insert into entrenador(nickentrenador,nombre,apellido1,edad,telefono,email) values ('Darius','Roberto','Hernandez',20,'688747700','Darius@hotmail.com');
insert into entrenador(nickentrenador,nombre,apellido1,edad,telefono,email) values ('Gibson','Antonio Javier','Martinez',23,'611003299','Gibson@hotmail.com');
insert into entrenador(nickentrenador,nombre,apellido1,edad,telefono,email) values ('Diegux','Diego','Juarez',20,'633211091','Diegux@hotmail.com');

insert into equipo(nickequipo,numjugadores,procedencia,fechcreacion,nickentrenador,numdivision,region) values ('GIANTS',5,'España','02/02/2013','Deylor',1,'Europa');
insert into equipo(nickequipo,numjugadores,procedencia,fechcreacion,nickentrenador,numdivision,region) values ('TITANS',5,'Francia','12/06/2013','Kassadin',1,'Europa');
insert into equipo(nickequipo,numjugadores,procedencia,fechcreacion,nickentrenador,numdivision,region) values ('FNC',6,'Suiza','22/02/2013','Mordekaiser',1,'Europa');
insert into equipo(nickequipo,numjugadores,procedencia,fechcreacion,nickentrenador,numdivision,region) values ('ORIGEN',5,'España','28/03/2012','Anner',1,'Europa');
insert into equipo(nickequipo,numjugadores,procedencia,fechcreacion,nickentrenador,numdivision,region) values ('UOL',5,'Portugal','15/07/2014','Vladimir',1,'Europa');
insert into equipo(nickequipo,numjugadores,procedencia,fechcreacion,nickentrenador,numdivision,region) values ('H2K',5,'Alemania','03/06/2012','Rammus',1,'Europa');
insert into equipo(nickequipo,numjugadores,procedencia,fechcreacion,nickentrenador,numdivision,region) values ('CPW',6,'Holanda','05/02/2013','Alexich',1,'Europa');
insert into equipo(nickequipo,numjugadores,procedencia,fechcreacion,nickentrenador,numdivision,region) values ('SKT1',5,'Finlandia','21/08/2013','Taric',1,'Europa');
insert into equipo(nickequipo,numjugadores,procedencia,fechcreacion,nickentrenador,numdivision,region) values ('MYM',5,'Francia','12/07/2012','Light',1,'Europa');
insert into equipo(nickequipo,numjugadores,procedencia,fechcreacion,nickentrenador,numdivision,region) values ('ROCC',5,'Alemania','03/05/2012','Guillazas',1,'Europa');
insert into equipo(nickequipo,numjugadores,procedencia,fechcreacion,nickentrenador,numdivision,region) values ('C9',5,'EEUU','07/04/2013','Wirrels',1,'North America');
insert into equipo(nickequipo,numjugadores,procedencia,fechcreacion,nickentrenador,numdivision,region) values ('CLG',5,'EEUU','09/06/2012','Kennen',1,'North America');
insert into equipo(nickequipo,numjugadores,procedencia,fechcreacion,nickentrenador,numdivision,region) values ('TSM',5,'EEUU','11/03/2012','Jack1',1,'North America');
insert into equipo(nickequipo,numjugadores,procedencia,fechcreacion,nickentrenador,numdivision,region) values ('DIG',6,'CANADA','15/07/2013','Thor',1,'North America');
insert into equipo(nickequipo,numjugadores,procedencia,fechcreacion,nickentrenador,numdivision,region) values ('HELL',5,'CANADA','19/08/2013','Jasick',1,'North America');
insert into equipo(nickequipo,numjugadores,procedencia,fechcreacion,nickentrenador,numdivision,region) values ('ATLAS',5,'EEUU','22/01/2013','Graves',1,'North America');
insert into equipo(nickequipo,numjugadores,procedencia,fechcreacion,nickentrenador,numdivision,region) values ('ATM',5,'EEUU','26/01/2013','Corki',1,'North America');
insert into equipo(nickequipo,numjugadores,procedencia,fechcreacion,nickentrenador,numdivision,region) values ('RPG',6,'CANADA','20/10/2012','Darius',1,'North America');
insert into equipo(nickequipo,numjugadores,procedencia,fechcreacion,nickentrenador,numdivision,region) values ('MNW',5,'EEUU','17/01/2013','Gibson',1,'North America');
insert into equipo(nickequipo,numjugadores,procedencia,fechcreacion,nickentrenador,numdivision,region) values ('LMP',5,'EEUU','18/02/2012','Diegux',1,'North America');

insert into patrocinar(codpatrocinar,importe,nickequipo,cif,meses) values ('0001',10000,'GIANTS','A58818501',12);
insert into patrocinar(codpatrocinar,importe,nickequipo,cif,meses) values ('0002',20000,'GIANTS','A56456423',12);
insert into patrocinar(codpatrocinar,importe,nickequipo,cif,meses) values ('0003',15000,'GIANTS','A54883829',12);
insert into patrocinar(codpatrocinar,importe,nickequipo,cif,meses) values ('0004',8000,'TITANS','A58818501',12);
insert into patrocinar(codpatrocinar,importe,nickequipo,cif,meses) values ('0005',30000,'TITANS','A58345466',24);
insert into patrocinar(codpatrocinar,importe,nickequipo,cif,meses) values ('0006',25000,'FNC','A98435849',12);
insert into patrocinar(codpatrocinar,importe,nickequipo,cif,meses) values ('0007',20000,'ORIGEN','A56456423',12);
insert into patrocinar(codpatrocinar,importe,nickequipo,cif,meses) values ('0008',17000,'UOL','A54883829',21);
insert into patrocinar(codpatrocinar,importe,nickequipo,cif,meses) values ('0009',18000,'H2K','A58818501',12);
insert into patrocinar(codpatrocinar,importe,nickequipo,cif,meses) values ('0010',22000,'CPW','A75496898',24);
insert into patrocinar(codpatrocinar,importe,nickequipo,cif,meses) values ('0011',15000,'SKT1','A98435849',12);
insert into patrocinar(codpatrocinar,importe,nickequipo,cif,meses) values ('0012',20000,'SKT1','A56456423',12);
insert into patrocinar(codpatrocinar,importe,nickequipo,cif,meses) values ('0013',17000,'MYM','A54883829',16);
insert into patrocinar(codpatrocinar,importe,nickequipo,cif,meses) values ('0014',18000,'MYM','A58818501',12);
insert into patrocinar(codpatrocinar,importe,nickequipo,cif,meses) values ('0015',23000,'ROCC','A75496898',24);
insert into patrocinar(codpatrocinar,importe,nickequipo,cif,meses) values ('0016',25000,'C9','A98435849',20);
insert into patrocinar(codpatrocinar,importe,nickequipo,cif,meses) values ('0017',23000,'C9','A56456423',20);
insert into patrocinar(codpatrocinar,importe,nickequipo,cif,meses) values ('0018',27000,'CLG','A54883829',21);
insert into patrocinar(codpatrocinar,importe,nickequipo,cif,meses) values ('0019',18000,'TSM','A58818501',12);
insert into patrocinar(codpatrocinar,importe,nickequipo,cif,meses) values ('0020',26000,'DIG','A75496898',24);
insert into patrocinar(codpatrocinar,importe,nickequipo,cif,meses) values ('0021',35000,'HELL','A98435849',18);
insert into patrocinar(codpatrocinar,importe,nickequipo,cif,meses) values ('0022',15000,'ATLAS','A77518221',18);
insert into patrocinar(codpatrocinar,importe,nickequipo,cif,meses) values ('0023',15000,'ATM','A77518221',16);
insert into patrocinar(codpatrocinar,importe,nickequipo,cif,meses) values ('0024',29000,'RPG','A58818501',16);
insert into patrocinar(codpatrocinar,importe,nickequipo,cif,meses) values ('0025',26000,'MNW','A75496898',24);
insert into patrocinar(codpatrocinar,importe,nickequipo,cif,meses) values ('0026',36000,'LMP','A75496898',24);

insert into dirigir(nickentrenador,nickequipo) values ('Deylor','GIANTS');
insert into dirigir(nickentrenador,nickequipo) values ('Kassadin','TITANS');
insert into dirigir(nickentrenador,nickequipo) values ('Mordekaiser','FNC');
insert into dirigir(nickentrenador,nickequipo) values ('Anner','ORIGEN');
insert into dirigir(nickentrenador,nickequipo) values ('Vladimir','UOL');
insert into dirigir(nickentrenador,nickequipo) values ('Rammus','H2K');
insert into dirigir(nickentrenador,nickequipo) values ('Alexich','CPW');
insert into dirigir(nickentrenador,nickequipo) values ('Taric','SKT1');
insert into dirigir(nickentrenador,nickequipo) values ('Light','MYM');
insert into dirigir(nickentrenador,nickequipo) values ('Guillazas','ROCC');
insert into dirigir(nickentrenador,nickequipo) values ('Wirrels','C9');
insert into dirigir(nickentrenador,nickequipo) values ('Kennen','CLG');
insert into dirigir(nickentrenador,nickequipo) values ('Jack1','TSM');
insert into dirigir(nickentrenador,nickequipo) values ('Rammus','DIG');
insert into dirigir(nickentrenador,nickequipo) values ('Jasick','HELL');
insert into dirigir(nickentrenador,nickequipo) values ('Graves','ATLAS');
insert into dirigir(nickentrenador,nickequipo) values ('Corki','ATM');
insert into dirigir(nickentrenador,nickequipo) values ('Darius','RPG');
insert into dirigir(nickentrenador,nickequipo) values ('Gibson','MNW');
insert into dirigir(nickentrenador,nickequipo) values ('Diegux','LMP');

insert into jugador(nickjugador,nickequipo,nombre,apellido1,telefono,edad,posicion) values ('Forest','GIANTS','Alejandro','Perez','612311672',21,'top');
insert into jugador(nickjugador,nickequipo,nombre,apellido1,telefono,edad,posicion) values ('Get_Right','GIANTS','Manuel','Gonzalez','698473877',22,'jungler');
insert into jugador(nickjugador,nickequipo,nombre,apellido1,telefono,edad,posicion) values ('Rolextterv1','GIANTS','Pedro','Perez','622244672',22,'mid');
insert into jugador(nickjugador,nickequipo,nombre,apellido1,telefono,edad,posicion) values ('joveN','GIANTS','Luis','Martinez','645345352',23,'adc');
insert into jugador(nickjugador,nickequipo,nombre,apellido1,telefono,edad,posicion) values ('Maiquelele','GIANTS','Jorge','Perez','633311272',22,'support');
insert into jugador(nickjugador,nickequipo,nombre,apellido1,telefono,edad,posicion) values ('Alu','TITANS','Roberto','Lidon','612343672',20,'top');
insert into jugador(nickjugador,nickequipo,nombre,apellido1,telefono,edad,posicion) values ('Spawn','TITANS','Paco','Navarro','694339377',22,'jungler');
insert into jugador(nickjugador,nickequipo,nombre,apellido1,telefono,edad,posicion) values ('Mkn','TITANS','Raul','Martillo','622242342',25,'mid');
insert into jugador(nickjugador,nickequipo,nombre,apellido1,telefono,edad,posicion) values ('Moli','TITANS','Alberto','Guerra','645388852',24,'adc');
insert into jugador(nickjugador,nickequipo,nombre,apellido1,telefono,edad,posicion) values ('Yona','TITANS','Pepe','Paz','633112372',22,'support');
insert into jugador(nickjugador,nickequipo,nombre,apellido1,telefono,edad,posicion) values ('Deon','FNC','Daniel','Acuña','687374072',21,'top');
insert into jugador(nickjugador,nickequipo,nombre,apellido1,telefono,edad,posicion) values ('Laber','FNC','Adan','Navarro','644233877',23,'jungler');
insert into jugador(nickjugador,nickequipo,nombre,apellido1,telefono,edad,posicion) values ('Wpt','FNC','Agustin','Marquez','698743627',25,'mid');
insert into jugador(nickjugador,nickequipo,nombre,apellido1,telefono,edad,posicion) values ('Milfandcookies','FNC','Leo','Messi','623456752',24,'adc');
insert into jugador(nickjugador,nickequipo,nombre,apellido1,telefono,edad,posicion) values ('Rock','FNC','Cristiano','Ronaldo','677111000',21,'support');
insert into jugador(nickjugador,nickequipo,nombre,apellido1,telefono,edad,posicion) values ('Hai','FNC','Adriano','Arce','635478172',21,'suplente');
insert into jugador(nickjugador,nickequipo,nombre,apellido1,telefono,edad,posicion) values ('Sohuai','ORIGEN','Mario','Lidon','612343670',20,'top');
insert into jugador(nickjugador,nickequipo,nombre,apellido1,telefono,edad,posicion) values ('Kase','ORIGEN','Ramiro','Martinez','694333111',22,'jungler');
insert into jugador(nickjugador,nickequipo,nombre,apellido1,telefono,edad,posicion) values ('Nach','ORIGEN','Arturo','Toledo','622242566',22,'mid');
insert into jugador(nickjugador,nickequipo,nombre,apellido1,telefono,edad,posicion) values ('Manis','ORIGEN','Benjamin','Guimenez','645388776',21,'adc');
insert into jugador(nickjugador,nickequipo,nombre,apellido1,telefono,edad,posicion) values ('Rue','ORIGEN','Basilio','Ecuador','645534872',22,'support');
insert into jugador(nickjugador,nickequipo,nombre,apellido1,telefono,edad,posicion) values ('Ryu','UOL','Marco','Garcia','613334470',21,'top');
insert into jugador(nickjugador,nickequipo,nombre,apellido1,telefono,edad,posicion) values ('Softyck','UOL','Marcelo','Garcia','694353215',23,'jungler');
insert into jugador(nickjugador,nickequipo,nombre,apellido1,telefono,edad,posicion) values ('Mariet','UOL','Alberto','Tobi','622242345',24,'mid');
insert into jugador(nickjugador,nickequipo,nombre,apellido1,telefono,edad,posicion) values ('Dederr','UOL','Berto','Guimenez','642355471',21,'adc');
insert into jugador(nickjugador,nickequipo,nombre,apellido1,telefono,edad,posicion) values ('Spjoker','UOL','Bill','Biri','645534800',20,'support');
insert into jugador(nickjugador,nickequipo,nombre,apellido1,telefono,edad,posicion) values ('Kikis','H2K','Jose','Messeguer','613355774',21,'top');
insert into jugador(nickjugador,nickequipo,nombre,apellido1,telefono,edad,posicion) values ('Powerofevil','H2K','Roberto','Aguiler','611163215',23,'jungler');
insert into jugador(nickjugador,nickequipo,nombre,apellido1,telefono,edad,posicion) values ('Lutt','H2K','Tomas','Navarro','622243111',24,'mid');
insert into jugador(nickjugador,nickequipo,nombre,apellido1,telefono,edad,posicion) values ('Market','H2K','Jose Manuel','Martinez','642364331',21,'adc');
insert into jugador(nickjugador,nickequipo,nombre,apellido1,telefono,edad,posicion) values ('Mesmer','H2K','Mark','Marquez','645423460',20,'support');
insert into jugador(nickjugador,nickequipo,nombre,apellido1,telefono,edad,posicion) values ('Lone','CPW','Manuel','Toledo','616565474',21,'top');
insert into jugador(nickjugador,nickequipo,nombre,apellido1,telefono,edad,posicion) values ('Pell','CPW','Ignacio','Aguero','611233435',23,'jungler');
insert into jugador(nickjugador,nickequipo,nombre,apellido1,telefono,edad,posicion) values ('Laker','CPW','Guillermo','Perez','622240022',24,'mid');
insert into jugador(nickjugador,nickequipo,nombre,apellido1,telefono,edad,posicion) values ('Ryuio','CPW','Alberto','Martinez','642360193',21,'adc');
insert into jugador(nickjugador,nickequipo,nombre,apellido1,telefono,edad,posicion) values ('Opiop','CPW','Antonio','Morales','654230982',20,'support');
insert into jugador(nickjugador,nickequipo,nombre,apellido1,telefono,edad,posicion) values ('Huni','CPW','Abelardo','Roca','635478470',21,'suplente');
insert into jugador(nickjugador,nickequipo,nombre,apellido1,telefono,edad,posicion) values ('Soaz','SKT1','Eduardo','Puerta','616565871',21,'top');
insert into jugador(nickjugador,nickequipo,nombre,apellido1,telefono,edad,posicion) values ('Slither','SKT1','Fernando','Paredes','611233811',23,'jungler');
insert into jugador(nickjugador,nickequipo,nombre,apellido1,telefono,edad,posicion) values ('Morrter','SKT1','Emilio','Peña','622240001',24,'mid');
insert into jugador(nickjugador,nickequipo,nombre,apellido1,telefono,edad,posicion) values ('Jerom','SKT1','Enrique','Pino','642360033',21,'adc');
insert into jugador(nickjugador,nickequipo,nombre,apellido1,telefono,edad,posicion) values ('CarritosKami','SKT1','Antonio','Ponce','654230199',20,'support');
insert into jugador(nickjugador,nickequipo,nombre,apellido1,telefono,edad,posicion) values ('Werlyb','MYM','Efren','Soria','616565151',20,'top');
insert into jugador(nickjugador,nickequipo,nombre,apellido1,telefono,edad,posicion) values ('Bandito','MYM','Fabian','Sandoval','611233892',25,'jungler');
insert into jugador(nickjugador,nickequipo,nombre,apellido1,telefono,edad,posicion) values ('Rogert','MYM','Fidel','Segura','622240561',26,'mid');
insert into jugador(nickjugador,nickequipo,nombre,apellido1,telefono,edad,posicion) values ('Negative','MYM','Francisco','Silva','642360123',19,'adc');
insert into jugador(nickjugador,nickequipo,nombre,apellido1,telefono,edad,posicion) values ('Positive','MYM','Paco','Toro','654233312',18,'support');
insert into jugador(nickjugador,nickequipo,nombre,apellido1,telefono,edad,posicion) values ('Arbelor','ROCC','Bill','Torres','616565172',20,'top');
insert into jugador(nickjugador,nickequipo,nombre,apellido1,telefono,edad,posicion) values ('Mojito','ROCC','Manuel','cech','611168892',25,'jungler');
insert into jugador(nickjugador,nickequipo,nombre,apellido1,telefono,edad,posicion) values ('Trolaso','ROCC','Joaquin','Valdes','622127561',26,'mid');
insert into jugador(nickjugador,nickequipo,nombre,apellido1,telefono,edad,posicion) values ('Lammer','ROCC','German','Silva','642360593',19,'adc');
insert into jugador(nickjugador,nickequipo,nombre,apellido1,telefono,edad,posicion) values ('Roperto1','ROCC','Gerardo','Moreno','654233002',18,'support');
insert into jugador(nickjugador,nickequipo,nombre,apellido1,telefono,edad,posicion) values ('Loleror33','C9','Bill','Torres','616019384',21,'top');
insert into jugador(nickjugador,nickequipo,nombre,apellido1,telefono,edad,posicion) values ('Ml03le','C9','Manuel','cech','611117283',25,'jungler');
insert into jugador(nickjugador,nickequipo,nombre,apellido1,telefono,edad,posicion) values ('Tramerillov2','C9','Joaquin','Valdes','622450192',25,'mid');
insert into jugador(nickjugador,nickequipo,nombre,apellido1,telefono,edad,posicion) values ('Papanoel','C9','Germano','Roman','642910287',20,'adc');
insert into jugador(nickjugador,nickequipo,nombre,apellido1,telefono,edad,posicion) values ('Santam1','C9','Gabriel','Morter','654568192',17,'support');
insert into jugador(nickjugador,nickequipo,nombre,apellido1,telefono,edad,posicion) values ('Belori','CLG','Pedro','Villaalba','616010019',21,'top');
insert into jugador(nickjugador,nickequipo,nombre,apellido1,telefono,edad,posicion) values ('MonstA','CLG','Hugo','Zuñiga','611119509',25,'jungler');
insert into jugador(nickjugador,nickequipo,nombre,apellido1,telefono,edad,posicion) values ('Killa','CLG','Joaquin','Velazquez','622459803',24,'mid');
insert into jugador(nickjugador,nickequipo,nombre,apellido1,telefono,edad,posicion) values ('Steelback','CLG','Hector','Roman','642917481',23,'adc');
insert into jugador(nickjugador,nickequipo,nombre,apellido1,telefono,edad,posicion) values ('Starix','CLG','Hernan','Morter','654566102',18,'support');
insert into jugador(nickjugador,nickequipo,nombre,apellido1,telefono,edad,posicion) values ('Reported','TSM','Chad','McCarthy','616019901',20,'top');
insert into jugador(nickjugador,nickequipo,nombre,apellido1,telefono,edad,posicion) values ('Flamer0','TSM','Bradley','Donovan','612113329',28,'jungler');
insert into jugador(nickjugador,nickequipo,nombre,apellido1,telefono,edad,posicion) values ('Supahdupa','TSM','Alexander','O Connor','623345203',23,'mid');
insert into jugador(nickjugador,nickequipo,nombre,apellido1,telefono,edad,posicion) values ('Loquerinoh','TSM','James','Lewis','642911111',22,'adc');
insert into jugador(nickjugador,nickequipo,nombre,apellido1,telefono,edad,posicion) values ('Fanfarr','TSM','Nathaniel','Miller','654226666',19,'support');
insert into jugador(nickjugador,nickequipo,nombre,apellido1,telefono,edad,posicion) values ('Cabochard','DIG','Erik','Spencer','616028648',21,'top');
insert into jugador(nickjugador,nickequipo,nombre,apellido1,telefono,edad,posicion) values ('Ripenp1','DIG','Alex','Deep','611287765',21,'jungler');
insert into jugador(nickjugador,nickequipo,nombre,apellido1,telefono,edad,posicion) values ('Caretal','DIG','William','Carrington','622532544',22,'mid');
insert into jugador(nickjugador,nickequipo,nombre,apellido1,telefono,edad,posicion) values ('Steeling','DIG','Jacob','Smith','642912100',20,'adc');
insert into jugador(nickjugador,nickequipo,nombre,apellido1,telefono,edad,posicion) values ('Faker','DIG','Edward','Jonson','654537652',18,'support');
insert into jugador(nickjugador,nickequipo,nombre,apellido1,telefono,edad,posicion) values ('Yolov2','DIG','Joseph','Masen','635479200',21,'suplente');
insert into jugador(nickjugador,nickequipo,nombre,apellido1,telefono,edad,posicion) values ('Aeros','HELL','Richard','Raimon','616017230',21,'top');
insert into jugador(nickjugador,nickequipo,nombre,apellido1,telefono,edad,posicion) values ('Xdlol','HELL','David','Sullivan','612110189',28,'jungler');
insert into jugador(nickjugador,nickequipo,nombre,apellido1,telefono,edad,posicion) values ('Juasjuas','HELL','Gordon','Fox','623349273',24,'mid');
insert into jugador(nickjugador,nickequipo,nombre,apellido1,telefono,edad,posicion) values ('Lajort','HELL','Harry','Brandom','642943551',23,'adc');
insert into jugador(nickjugador,nickequipo,nombre,apellido1,telefono,edad,posicion) values ('Manquil','HELL','Ronald','Heathcliff','654273840',19,'support');
insert into jugador(nickjugador,nickequipo,nombre,apellido1,telefono,edad,posicion) values ('Tmaw','ATLAS','stephen','Heller','616017992',21,'top');
insert into jugador(nickjugador,nickequipo,nombre,apellido1,telefono,edad,posicion) values ('Rupert1','ATLAS','David','Keller','612423649',28,'jungler');
insert into jugador(nickjugador,nickequipo,nombre,apellido1,telefono,edad,posicion) values ('Miau','ATLAS','Dick','Thomas','623349003',17,'mid');
insert into jugador(nickjugador,nickequipo,nombre,apellido1,telefono,edad,posicion) values ('Gallint','ATLAS','Jamie','Lee','642233550',23,'adc');
insert into jugador(nickjugador,nickequipo,nombre,apellido1,telefono,edad,posicion) values ('Guileanx','ATLAS','Joseph','Heathcliff','654221840',29,'support');
insert into jugador(nickjugador,nickequipo,nombre,apellido1,telefono,edad,posicion) values ('Lolerov','ATM','Stephen','Miller','632346376',18,'top');
insert into jugador(nickjugador,nickequipo,nombre,apellido1,telefono,edad,posicion) values ('Violter','ATM','William','Lewis','619878391',23,'jungler');
insert into jugador(nickjugador,nickequipo,nombre,apellido1,telefono,edad,posicion) values ('Secplz','ATM','Jacob','Hamilton','62338938',24,'mid');
insert into jugador(nickjugador,nickequipo,nombre,apellido1,telefono,edad,posicion) values ('Locutm','ATM','Erik','Joson','642239210',21,'adc');
insert into jugador(nickjugador,nickequipo,nombre,apellido1,telefono,edad,posicion) values ('Yoman','ATM','Eizhen','Nathaniel','65429929',20,'support');
insert into jugador(nickjugador,nickequipo,nombre,apellido1,telefono,edad,posicion) values ('Badmaners','RPG','Brian','Spencer','616321648',21,'top');
insert into jugador(nickjugador,nickequipo,nombre,apellido1,telefono,edad,posicion) values ('Baneaor','RPG','Alex','Deep','61165465',22,'jungler');
insert into jugador(nickjugador,nickequipo,nombre,apellido1,telefono,edad,posicion) values ('PortRol','RPG','William','Grey','622534554',24,'mid');
insert into jugador(nickjugador,nickequipo,nombre,apellido1,telefono,edad,posicion) values ('jaxDlol','RPG','Liam','Smith','642911750',21,'adc');
insert into jugador(nickjugador,nickequipo,nombre,apellido1,telefono,edad,posicion) values ('Alister','RPG','Edward','Panettire','654554790',19,'support');
insert into jugador(nickjugador,nickequipo,nombre,apellido1,telefono,edad,posicion) values ('Koreantactics','RPG','Matt','Masen','635471246',26,'suplente');
insert into jugador(nickjugador,nickequipo,nombre,apellido1,telefono,edad,posicion) values ('Awpt1','MNW','Richard','McCarthy','616019901',23,'top');
insert into jugador(nickjugador,nickequipo,nombre,apellido1,telefono,edad,posicion) values ('Pipino','MNW','Bradley','Fox','612113329',18,'jungler');
insert into jugador(nickjugador,nickequipo,nombre,apellido1,telefono,edad,posicion) values ('M4withsp','MNW','Gordon','O Connor','621244563',21,'mid');
insert into jugador(nickjugador,nickequipo,nombre,apellido1,telefono,edad,posicion) values ('Ak47gg','MNW','James','Miller','642911234',24,'adc');
insert into jugador(nickjugador,nickequipo,nombre,apellido1,telefono,edad,posicion) values ('24hplaying','MNW','Nathaniel','Thomas','654234536',16,'support');
insert into jugador(nickjugador,nickequipo,nombre,apellido1,telefono,edad,posicion) values ('Usuxbro','LMP','Richard','Spencer','616123530',25,'top');
insert into jugador(nickjugador,nickequipo,nombre,apellido1,telefono,edad,posicion) values ('Sohard','LMP','Erik','Sullivan','613456439',24,'jungler');
insert into jugador(nickjugador,nickequipo,nombre,apellido1,telefono,edad,posicion) values ('Patal1','LMP','Liam','Fox','623300123',22,'mid');
insert into jugador(nickjugador,nickequipo,nombre,apellido1,telefono,edad,posicion) values ('Rocketone','LMP','Harry','Gary','642943131',21,'adc');
insert into jugador(nickjugador,nickequipo,nombre,apellido1,telefono,edad,posicion) values ('Csgolounge','LMP','Ronald','Sheri','654234650',22,'support');

insert into clasificacion(numdivision,region,puesto,numvictorias,numderrotas,nickequipo) values (1,'Europa',1,9,0,'GIANTS');
insert into clasificacion(numdivision,region,puesto,numvictorias,numderrotas,nickequipo) values (1,'Europa',2,8,1,'TITANS');
insert into clasificacion(numdivision,region,puesto,numvictorias,numderrotas,nickequipo) values (1,'Europa',3,7,2,'FNC');
insert into clasificacion(numdivision,region,puesto,numvictorias,numderrotas,nickequipo) values (1,'Europa',4,6,3,'ORIGEN');
insert into clasificacion(numdivision,region,puesto,numvictorias,numderrotas,nickequipo) values (1,'Europa',5,5,4,'UOL');
insert into clasificacion(numdivision,region,puesto,numvictorias,numderrotas,nickequipo) values (1,'Europa',6,4,5,'H2K');
insert into clasificacion(numdivision,region,puesto,numvictorias,numderrotas,nickequipo) values (1,'Europa',7,3,6,'CPW');
insert into clasificacion(numdivision,region,puesto,numvictorias,numderrotas,nickequipo) values (1,'Europa',8,2,7,'SKT1');
insert into clasificacion(numdivision,region,puesto,numvictorias,numderrotas,nickequipo) values (1,'Europa',9,0,9,'ROCC');
insert into clasificacion(numdivision,region,puesto,numvictorias,numderrotas,nickequipo) values (1,'Europa',10,0,9,'MYM');
insert into clasificacion(numdivision,region,puesto,numvictorias,numderrotas,nickequipo) values (1,'North America',1,9,0,'C9');
insert into clasificacion(numdivision,region,puesto,numvictorias,numderrotas,nickequipo) values (1,'North America',2,8,1,'LMP');
insert into clasificacion(numdivision,region,puesto,numvictorias,numderrotas,nickequipo) values (1,'North America',3,7,2,'TSM');
insert into clasificacion(numdivision,region,puesto,numvictorias,numderrotas,nickequipo) values (1,'North America',4,6,3,'CLG');
insert into clasificacion(numdivision,region,puesto,numvictorias,numderrotas,nickequipo) values (1,'North America',5,5,4,'DIG');
insert into clasificacion(numdivision,region,puesto,numvictorias,numderrotas,nickequipo) values (1,'North America',6,4,5,'HELL');
insert into clasificacion(numdivision,region,puesto,numvictorias,numderrotas,nickequipo) values (1,'North America',7,3,6,'ATLAS');
insert into clasificacion(numdivision,region,puesto,numvictorias,numderrotas,nickequipo) values (1,'North America',8,2,7,'ATM');
insert into clasificacion(numdivision,region,puesto,numvictorias,numderrotas,nickequipo) values (1,'North America',9,0,9,'RPG');
insert into clasificacion(numdivision,region,puesto,numvictorias,numderrotas,nickequipo) values (1,'North America',10,0,9,'MNW');

insert into mostrar(numdivision,region,puesto,nickequipo) values (1,'Europa',1,'GIANTS');
insert into mostrar(numdivision,region,puesto,nickequipo) values (1,'Europa',2,'TITANS');
insert into mostrar(numdivision,region,puesto,nickequipo) values (1,'Europa',3,'FNC');
insert into mostrar(numdivision,region,puesto,nickequipo) values (1,'Europa',4,'ORIGEN');
insert into mostrar(numdivision,region,puesto,nickequipo) values (1,'Europa',5,'UOL');
insert into mostrar(numdivision,region,puesto,nickequipo) values (1,'Europa',6,'H2K');
insert into mostrar(numdivision,region,puesto,nickequipo) values (1,'Europa',7,'CPW');
insert into mostrar(numdivision,region,puesto,nickequipo) values (1,'Europa',8,'SKT1');
insert into mostrar(numdivision,region,puesto,nickequipo) values (1,'Europa',9,'ROCC');
insert into mostrar(numdivision,region,puesto,nickequipo) values (1,'Europa',10,'MYM');
insert into mostrar(numdivision,region,puesto,nickequipo) values (1,'North America',1,'C9');
insert into mostrar(numdivision,region,puesto,nickequipo) values (1,'North America',2,'LMP');
insert into mostrar(numdivision,region,puesto,nickequipo) values (1,'North America',3,'TSM');
insert into mostrar(numdivision,region,puesto,nickequipo) values (1,'North America',4,'CLG');
insert into mostrar(numdivision,region,puesto,nickequipo) values (1,'North America',5,'DIG');
insert into mostrar(numdivision,region,puesto,nickequipo) values (1,'North America',6,'HELL');
insert into mostrar(numdivision,region,puesto,nickequipo) values (1,'North America',7,'ATLAS');
insert into mostrar(numdivision,region,puesto,nickequipo) values (1,'North America',8,'ATM');
insert into mostrar(numdivision,region,puesto,nickequipo) values (1,'North America',9,'RPG');
insert into mostrar(numdivision,region,puesto,nickequipo) values (1,'North America',10,'MNW');

insert into analista(nickanalista,nombre,apellido1,edad,email) values ('Kuentin','Eloy','Martinez',20,'Kuentin@hotmail.com');
insert into analista(nickanalista,nombre,apellido1,edad,email) values ('Rarumm','Pedro','Azahar',22,'Rarumm@hotmail.com');
insert into analista(nickanalista,nombre,apellido1,edad,email) values ('Rater','Raul','Burillo',25,'Rater@hotmail.com');
insert into analista(nickanalista,nombre,apellido1,edad,email) values ('Molor','Pablo','Murillo',27,'Molor@hotmail.com');
insert into analista(nickanalista,nombre,apellido1,edad,email) values ('Dunkem','Diego','Capel',21,'Dunkem@hotmail.com');
insert into analista(nickanalista,nombre,apellido1,edad,email) values ('Trebo','Ruben','Sierra',20,'Trebo@hotmail.com');

insert into caster(nickcaster,nombre,apellido1,edad,email) values ('Motroco','Angel','Martinez',29,'Motroco@hotmail.com');
insert into caster(nickcaster,nombre,apellido1,edad,email) values ('Kami','Julen','Lidon',20,'Kami@hotmail.com');
insert into caster(nickcaster,nombre,apellido1,edad,email) values ('Fullyu','Mario','juarez',28,'Fullyu@hotmail.com');
insert into caster(nickcaster,nombre,apellido1,edad,email) values ('Luquers','Eloy','Romero',25,'Luquers@hotmail.com');
insert into caster(nickcaster,nombre,apellido1,edad,email) values ('Revengtx','Oscar','Morales',23,'Revengtx@hotmail.com');
insert into caster(nickcaster,nombre,apellido1,edad,email) values ('Yellowpete','Marcos','Hernandez',22,'Yellowpete@hotmail.com');

insert into comentarios(nickanalista,nickcaster,idiomacomentarios) values ('Kuentin','Motroco','Español');
insert into comentarios(nickanalista,nickcaster,idiomacomentarios) values ('Rarumm','Kami','Ingles');
insert into comentarios(nickanalista,nickcaster,idiomacomentarios) values ('Rater','Fullyu','Ingles');
insert into comentarios(nickanalista,nickcaster,idiomacomentarios) values ('Molor','Luquers','Aleman');
insert into comentarios(nickanalista,nickcaster,idiomacomentarios) values ('Dunkem','Revengtx','Frances');
insert into comentarios(nickanalista,nickcaster,idiomacomentarios) values ('Trebo','Yellowpete','Ingles');
insert into comentarios(nickanalista,nickcaster,idiomacomentarios) values ('Rarumm','Fullyu','Ingles');
insert into comentarios(nickanalista,nickcaster,idiomacomentarios) values ('Rater','Kami','Ingles');
insert into comentarios(nickanalista,nickcaster,idiomacomentarios) values ('Trebo','Fullyu','Ingles');
insert into comentarios(nickanalista,nickcaster,idiomacomentarios) values ('Trebo','Kami','Ingles');

insert into partido(codigopartido,nickequipo1,nickequipo2,jornada,fecha,nickanalista,nickcaster) values ('0001','GIANTS','TITANS',1,'1/11/2014','Kuentin','Motroco');
insert into partido(codigopartido,nickequipo1,nickequipo2,jornada,fecha,nickanalista,nickcaster) values ('0002','FNC','ORIGEN',1,'1/11/2014','Kuentin','Motroco');
insert into partido(codigopartido,nickequipo1,nickequipo2,jornada,fecha,nickanalista,nickcaster) values ('0003','UOL','H2K',1,'1/11/2014','Kuentin','Motroco');
insert into partido(codigopartido,nickequipo1,nickequipo2,jornada,fecha,nickanalista,nickcaster) values ('0004','CPW','SKT1',1,'2/11/2014','Rarumm','Kami');
insert into partido(codigopartido,nickequipo1,nickequipo2,jornada,fecha,nickanalista,nickcaster) values ('0005','ROCC','MYM',1,'2/11/2014','Rarumm','Kami');
insert into partido(codigopartido,nickequipo1,nickequipo2,jornada,fecha,nickanalista,nickcaster) values ('0006','TITANS','ROCC',2,'8/11/2014','Rarumm','Kami');
insert into partido(codigopartido,nickequipo1,nickequipo2,jornada,fecha,nickanalista,nickcaster) values ('0007','ORIGEN','GIANTS',2,'8/11/2014','Rarumm','Kami');
insert into partido(codigopartido,nickequipo1,nickequipo2,jornada,fecha,nickanalista,nickcaster) values ('0008','H2K','FNC',2,'9/11/2014','Kuentin','Motroco');
insert into partido(codigopartido,nickequipo1,nickequipo2,jornada,fecha,nickanalista,nickcaster) values ('0009','SKT1','UOL',2,'9/11/2014','Rater','Fullyu');
insert into partido(codigopartido,nickequipo1,nickequipo2,jornada,fecha,nickanalista,nickcaster) values ('0010','MYM','CPW',2,'9/11/2014','Rater','Fullyu');
insert into partido(codigopartido,nickequipo1,nickequipo2,jornada,fecha,nickanalista,nickcaster) values ('0011','TITANS','ORIGEN',3,'15/11/2014','Kuentin','Motroco');
insert into partido(codigopartido,nickequipo1,nickequipo2,jornada,fecha,nickanalista,nickcaster) values ('0012','GIANTS','H2K',3,'15/11/2014','Rater','Fullyu');
insert into partido(codigopartido,nickequipo1,nickequipo2,jornada,fecha,nickanalista,nickcaster) values ('0013','FNC','SKT1',3,'16/11/2014','Kuentin','Motroco');
insert into partido(codigopartido,nickequipo1,nickequipo2,jornada,fecha,nickanalista,nickcaster) values ('0014','UOL','MYM',3,'16/11/2014','Rarumm','Kami');
insert into partido(codigopartido,nickequipo1,nickequipo2,jornada,fecha,nickanalista,nickcaster) values ('0015','ROCC','CPW',3,'16/11/2014','Rarumm','Kami');
insert into partido(codigopartido,nickequipo1,nickequipo2,jornada,fecha,nickanalista,nickcaster) values ('0016','ORIGEN','ROCC',4,'22/11/2014','Rarumm','Kami');
insert into partido(codigopartido,nickequipo1,nickequipo2,jornada,fecha,nickanalista,nickcaster) values ('0017','H2K','TITANS',4,'23/11/2014','Molor','Luquers');
insert into partido(codigopartido,nickequipo1,nickequipo2,jornada,fecha,nickanalista,nickcaster) values ('0018','SKT1','GIANTS',4,'23/11/2014','Molor','Luquers');
insert into partido(codigopartido,nickequipo1,nickequipo2,jornada,fecha,nickanalista,nickcaster) values ('0019','MYM','FNC',4,'23/11/2014','Molor','Luquers');
insert into partido(codigopartido,nickequipo1,nickequipo2,jornada,fecha,nickanalista,nickcaster) values ('0020','CPW','UOL',4,'23/11/2014','Kuentin','Motroco');
insert into partido(codigopartido,nickequipo1,nickequipo2,jornada,fecha,nickanalista,nickcaster) values ('0021','TITANS','SKT1',5,'29/11/2014','Molor','Luquers');
insert into partido(codigopartido,nickequipo1,nickequipo2,jornada,fecha,nickanalista,nickcaster) values ('0022','ORIGEN','H2K',5,'29/11/2014','Kuentin','Motroco');
insert into partido(codigopartido,nickequipo1,nickequipo2,jornada,fecha,nickanalista,nickcaster) values ('0023','GIANTS','MYM',5,'29/11/2014','Molor','Luquers');
insert into partido(codigopartido,nickequipo1,nickequipo2,jornada,fecha,nickanalista,nickcaster) values ('0024','CPW','FNC',5,'30/11/2014','Rarumm','Kami');
insert into partido(codigopartido,nickequipo1,nickequipo2,jornada,fecha,nickanalista,nickcaster) values ('0025','ROCC','UOL',5,'30/11/2014','Rarumm','Kami');
insert into partido(codigopartido,nickequipo1,nickequipo2,jornada,fecha,nickanalista,nickcaster) values ('0026','H2K','UOL',6,'6/12/2014','Dunkem','Revengtx');
insert into partido(codigopartido,nickequipo1,nickequipo2,jornada,fecha,nickanalista,nickcaster) values ('0027','ORIGEN','SKT1',6,'6/12/2014','Dunkem','Revengtx');
insert into partido(codigopartido,nickequipo1,nickequipo2,jornada,fecha,nickanalista,nickcaster) values ('0028','MYM','TITANS',6,'6/12/2014','Dunkem','Revengtx');
insert into partido(codigopartido,nickequipo1,nickequipo2,jornada,fecha,nickanalista,nickcaster) values ('0029','CPW','GIANTS',6,'7/12/2014','Kuentin','Motroco');
insert into partido(codigopartido,nickequipo1,nickequipo2,jornada,fecha,nickanalista,nickcaster) values ('0030','ROCC','FNC',6,'7/12/2014','Kuentin','Motroco');
insert into partido(codigopartido,nickequipo1,nickequipo2,jornada,fecha,nickanalista,nickcaster) values ('0031','H2K','SKT1',7,'13/12/2014','Kuentin','Motroco');
insert into partido(codigopartido,nickequipo1,nickequipo2,jornada,fecha,nickanalista,nickcaster) values ('0032','ORIGEN','MYM',7,'13/12/2014','Kuentin','Motroco');
insert into partido(codigopartido,nickequipo1,nickequipo2,jornada,fecha,nickanalista,nickcaster) values ('0033','TITANS','CPW',7,'13/12/2014','Kuentin','Motroco');
insert into partido(codigopartido,nickequipo1,nickequipo2,jornada,fecha,nickanalista,nickcaster) values ('0034','GIANTS','ROCC',7,'14/12/2014','Rarumm','Kami');
insert into partido(codigopartido,nickequipo1,nickequipo2,jornada,fecha,nickanalista,nickcaster) values ('0035','FNC','UOL',7,'14/12/2014','Rarumm','Kami');
insert into partido(codigopartido,nickequipo1,nickequipo2,jornada,fecha,nickanalista,nickcaster) values ('0036','SKT1','FNC',8,'20/12/2014','Rarumm','Kami');
insert into partido(codigopartido,nickequipo1,nickequipo2,jornada,fecha,nickanalista,nickcaster) values ('0037','MYM','H2K',8,'20/12/2014','Rarumm','Kami');
insert into partido(codigopartido,nickequipo1,nickequipo2,jornada,fecha,nickanalista,nickcaster) values ('0038','CPW','ORIGEN',8,'20/12/2014','Rater','Fullyu');
insert into partido(codigopartido,nickequipo1,nickequipo2,jornada,fecha,nickanalista,nickcaster) values ('0039','ROCC','TITANS',8,'20/12/2014','Rater','Fullyu');
insert into partido(codigopartido,nickequipo1,nickequipo2,jornada,fecha,nickanalista,nickcaster) values ('0040','GIANTS','UOL',8,'21/12/2014','Rater','Fullyu');
insert into partido(codigopartido,nickequipo1,nickequipo2,jornada,fecha,nickanalista,nickcaster) values ('0041','SKT1','MYM',9,'17/1/2015','Kuentin','Motroco');
insert into partido(codigopartido,nickequipo1,nickequipo2,jornada,fecha,nickanalista,nickcaster) values ('0042','H2K','CPW',9,'17/1/2014','Kuentin','Motroco');
insert into partido(codigopartido,nickequipo1,nickequipo2,jornada,fecha,nickanalista,nickcaster) values ('0043','ORIGEN','ROCC',9,'18/1/2014','Molor','Luquers');
insert into partido(codigopartido,nickequipo1,nickequipo2,jornada,fecha,nickanalista,nickcaster) values ('0044','UOL','TITANS',9,'18/1/2014','Molor','Luquers');
insert into partido(codigopartido,nickequipo1,nickequipo2,jornada,fecha,nickanalista,nickcaster) values ('0045','GIANTS','FNC',9,'18/1/2014','Molor','Luquers');
insert into partido(codigopartido,nickequipo1,nickequipo2,jornada,fecha,nickanalista,nickcaster) values ('0046','MYM','GIANTS',10,'18/1/2014','Molor','Luquers');
insert into partido(codigopartido,nickequipo1,nickequipo2,jornada,fecha,nickanalista,nickcaster) values ('0047','SKT1','CPW',10,'25/1/2014','Molor','Luquers');
insert into partido(codigopartido,nickequipo1,nickequipo2,jornada,fecha,nickanalista,nickcaster) values ('0048','H2K','ROCC',10,'25/1/2014','Molor','Luquers');
insert into partido(codigopartido,nickequipo1,nickequipo2,jornada,fecha,nickanalista,nickcaster) values ('0049','UOL','ORIGEN',10,'25/1/2014','Molor','Luquers');
insert into partido(codigopartido,nickequipo1,nickequipo2,jornada,fecha,nickanalista,nickcaster) values ('0050','FNC','TITANS',10,'25/1/2014','Molor','Luquers');
insert into partido(codigopartido,nickequipo1,nickequipo2,jornada,fecha,nickanalista,nickcaster) values ('0051','C9','LMP',1,'1/11/2014','Trebo','Yellowpete');
insert into partido(codigopartido,nickequipo1,nickequipo2,jornada,fecha,nickanalista,nickcaster) values ('0052','TSM','CLG',1,'1/11/2014','Trebo','Yellowpete');
insert into partido(codigopartido,nickequipo1,nickequipo2,jornada,fecha,nickanalista,nickcaster) values ('0053','DIG','HELL',1,'1/11/2014','Trebo','Yellowpete');
insert into partido(codigopartido,nickequipo1,nickequipo2,jornada,fecha,nickanalista,nickcaster) values ('0054','ATLAS','ATM',1,'2/11/2014','Rater','Kami');
insert into partido(codigopartido,nickequipo1,nickequipo2,jornada,fecha,nickanalista,nickcaster) values ('0055','RPG','MNW',1,'2/11/2014','Rater','Kami');
insert into partido(codigopartido,nickequipo1,nickequipo2,jornada,fecha,nickanalista,nickcaster) values ('0056','LMP','RPG',2,'8/11/2014','Rater','Kami');
insert into partido(codigopartido,nickequipo1,nickequipo2,jornada,fecha,nickanalista,nickcaster) values ('0057','CLG','C9',2,'8/11/2014','Rater','Kami');
insert into partido(codigopartido,nickequipo1,nickequipo2,jornada,fecha,nickanalista,nickcaster) values ('0058','HELL','TSM',2,'9/11/2014','Trebo','Yellowpete');
insert into partido(codigopartido,nickequipo1,nickequipo2,jornada,fecha,nickanalista,nickcaster) values ('0059','ATM','DIG',2,'9/11/2014','Trebo','Yellowpete');
insert into partido(codigopartido,nickequipo1,nickequipo2,jornada,fecha,nickanalista,nickcaster) values ('0060','MNW','ATLAS',2,'9/11/2014','Trebo','Yellowpete');
insert into partido(codigopartido,nickequipo1,nickequipo2,jornada,fecha,nickanalista,nickcaster) values ('0061','LMP','CLG',3,'15/11/2014','Rater','Kami');
insert into partido(codigopartido,nickequipo1,nickequipo2,jornada,fecha,nickanalista,nickcaster) values ('0062','C9','HELL',3,'15/11/2014','Rater','Kami');
insert into partido(codigopartido,nickequipo1,nickequipo2,jornada,fecha,nickanalista,nickcaster) values ('0063','TSM','ATM',3,'16/11/2014','Trebo','Yellowpete');
insert into partido(codigopartido,nickequipo1,nickequipo2,jornada,fecha,nickanalista,nickcaster) values ('0064','DIG','MNW',3,'16/11/2014','Trebo','Yellowpete');
insert into partido(codigopartido,nickequipo1,nickequipo2,jornada,fecha,nickanalista,nickcaster) values ('0065','RPG','ATLAS',3,'16/11/2014','Rater','Kami');
insert into partido(codigopartido,nickequipo1,nickequipo2,jornada,fecha,nickanalista,nickcaster) values ('0066','CLG','RPG',4,'22/11/2014','Trebo','Yellowpete');
insert into partido(codigopartido,nickequipo1,nickequipo2,jornada,fecha,nickanalista,nickcaster) values ('0067','HELL','LMP',4,'23/11/2014','Trebo','Yellowpete');
insert into partido(codigopartido,nickequipo1,nickequipo2,jornada,fecha,nickanalista,nickcaster) values ('0068','ATM','C9',4,'23/11/2014','Trebo','Yellowpete');
insert into partido(codigopartido,nickequipo1,nickequipo2,jornada,fecha,nickanalista,nickcaster) values ('0069','MNW','TSM',4,'23/11/2014','Rater','Kami');
insert into partido(codigopartido,nickequipo1,nickequipo2,jornada,fecha,nickanalista,nickcaster) values ('0070','ATLAS','DIG',4,'23/11/2014','Rater','Kami');
insert into partido(codigopartido,nickequipo1,nickequipo2,jornada,fecha,nickanalista,nickcaster) values ('0071','LMP','ATM',5,'29/11/2014','Rater','Kami');
insert into partido(codigopartido,nickequipo1,nickequipo2,jornada,fecha,nickanalista,nickcaster) values ('0072','CLG','HELL',5,'29/11/2014','Rater','Kami');
insert into partido(codigopartido,nickequipo1,nickequipo2,jornada,fecha,nickanalista,nickcaster) values ('0073','C9','MNW',5,'29/11/2014','Rater','Kami');
insert into partido(codigopartido,nickequipo1,nickequipo2,jornada,fecha,nickanalista,nickcaster) values ('0074','ATLAS','TSM',5,'30/11/2014','Trebo','Kami');
insert into partido(codigopartido,nickequipo1,nickequipo2,jornada,fecha,nickanalista,nickcaster) values ('0075','RPG','DIG',5,'30/11/2014','Trebo','Kami');
insert into partido(codigopartido,nickequipo1,nickequipo2,jornada,fecha,nickanalista,nickcaster) values ('0076','HELL','DIG',6,'6/12/2014','Rarumm','Fullyu');
insert into partido(codigopartido,nickequipo1,nickequipo2,jornada,fecha,nickanalista,nickcaster) values ('0077','CLG','ATM',6,'6/12/2014','Rarumm','Fullyu');
insert into partido(codigopartido,nickequipo1,nickequipo2,jornada,fecha,nickanalista,nickcaster) values ('0078','MNW','LMP',6,'6/12/2014','Trebo','Kami');
insert into partido(codigopartido,nickequipo1,nickequipo2,jornada,fecha,nickanalista,nickcaster) values ('0079','ATLAS','C9',6,'7/12/2014','Trebo','Kami');
insert into partido(codigopartido,nickequipo1,nickequipo2,jornada,fecha,nickanalista,nickcaster) values ('0080','RPG','TSM',6,'7/12/2014','Trebo','Kami');
insert into partido(codigopartido,nickequipo1,nickequipo2,jornada,fecha,nickanalista,nickcaster) values ('0081','HELL','ATM',7,'13/12/2014','Trebo','Yellowpete');
insert into partido(codigopartido,nickequipo1,nickequipo2,jornada,fecha,nickanalista,nickcaster) values ('0082','CLG','MNW',7,'13/12/2014','Trebo','Yellowpete');
insert into partido(codigopartido,nickequipo1,nickequipo2,jornada,fecha,nickanalista,nickcaster) values ('0083','LMP','ATLAS',7,'13/12/2014','Trebo','Yellowpete');
insert into partido(codigopartido,nickequipo1,nickequipo2,jornada,fecha,nickanalista,nickcaster) values ('0084','C9','RPG',7,'14/12/2014','Trebo','Yellowpete');
insert into partido(codigopartido,nickequipo1,nickequipo2,jornada,fecha,nickanalista,nickcaster) values ('0085','TSM','DIG',7,'14/12/2014','Trebo','Yellowpete');
insert into partido(codigopartido,nickequipo1,nickequipo2,jornada,fecha,nickanalista,nickcaster) values ('0086','ATM','TSM',8,'20/12/2014','Trebo','Yellowpete');
insert into partido(codigopartido,nickequipo1,nickequipo2,jornada,fecha,nickanalista,nickcaster) values ('0087','MNW','HELL',8,'20/12/2014','Trebo','Yellowpete');
insert into partido(codigopartido,nickequipo1,nickequipo2,jornada,fecha,nickanalista,nickcaster) values ('0088','ATLAS','CLG',8,'20/12/2014','Rater','Fullyu');
insert into partido(codigopartido,nickequipo1,nickequipo2,jornada,fecha,nickanalista,nickcaster) values ('0089','RPG','LMP',8,'20/12/2014','Rater','Fullyu');
insert into partido(codigopartido,nickequipo1,nickequipo2,jornada,fecha,nickanalista,nickcaster) values ('0090','C9','DIG',8,'21/12/2014','Rater','Fullyu');
insert into partido(codigopartido,nickequipo1,nickequipo2,jornada,fecha,nickanalista,nickcaster) values ('0091','ATM','MNW',9,'17/1/2015','Rater','Kami');
insert into partido(codigopartido,nickequipo1,nickequipo2,jornada,fecha,nickanalista,nickcaster) values ('0092','HELL','ATLAS',9,'17/1/2014','Rater','Kami');
insert into partido(codigopartido,nickequipo1,nickequipo2,jornada,fecha,nickanalista,nickcaster) values ('0093','CLG','RPG',9,'18/1/2014','Rater','Kami');
insert into partido(codigopartido,nickequipo1,nickequipo2,jornada,fecha,nickanalista,nickcaster) values ('0094','DIG','LMP',9,'18/1/2014','Rater','Kami');
insert into partido(codigopartido,nickequipo1,nickequipo2,jornada,fecha,nickanalista,nickcaster) values ('0095','C9','TSM',9,'18/1/2014','Trebo','Yellowpete');
insert into partido(codigopartido,nickequipo1,nickequipo2,jornada,fecha,nickanalista,nickcaster) values ('0096','MNW','C9',10,'18/1/2014','Molor','Luquers');
insert into partido(codigopartido,nickequipo1,nickequipo2,jornada,fecha,nickanalista,nickcaster) values ('0097','ATM','ATLAS',10,'25/1/2014','Molor','Luquers');
insert into partido(codigopartido,nickequipo1,nickequipo2,jornada,fecha,nickanalista,nickcaster) values ('0098','HELL','RPG',10,'25/1/2014','Molor','Luquers');
insert into partido(codigopartido,nickequipo1,nickequipo2,jornada,fecha,nickanalista,nickcaster) values ('0099','DIG','CLG',10,'25/1/2014','Molor','Luquers');
insert into partido(codigopartido,nickequipo1,nickequipo2,jornada,fecha,nickanalista,nickcaster) values ('0100','TSM','LMP',10,'25/1/2014','Molor','Luquers');

insert into estadisticas (codigopartido,nickequipo1,nickequipo2,equipoganador,numkillsMVP,nickmvp) values ('0001','GIANTS','TITANS','GIANTS',19,'Get_Right');
insert into estadisticas (codigopartido,nickequipo1,nickequipo2,equipoganador,numkillsMVP,nickmvp) values ('0002','FNC','ORIGEN','FNC',35,'Rock');
insert into estadisticas (codigopartido,nickequipo1,nickequipo2,equipoganador,numkillsMVP,nickmvp) values ('0003','UOL','H2K','UOL',22,'Softyck');
insert into estadisticas (codigopartido,nickequipo1,nickequipo2,equipoganador,numkillsMVP,nickmvp) values ('0004','CPW','SKT1','CPW',15,'Ryuio');
insert into estadisticas (codigopartido,nickequipo1,nickequipo2,equipoganador,numkillsMVP,nickmvp) values ('0005','ROCC','MYM','ROCC',28,'Arbelor');
insert into estadisticas (codigopartido,nickequipo1,nickequipo2,equipoganador,numkillsMVP,nickmvp) values ('0006','TITANS','ROCC','TITANS',33,'Mkn');
insert into estadisticas (codigopartido,nickequipo1,nickequipo2,equipoganador,numkillsMVP,nickmvp) values ('0007','ORIGEN','GIANTS','GIANTS',18,'Get_Right');
insert into estadisticas (codigopartido,nickequipo1,nickequipo2,equipoganador,numkillsMVP,nickmvp) values ('0008','H2K','FNC','FNC',28,'Rock');
insert into estadisticas (codigopartido,nickequipo1,nickequipo2,equipoganador,numkillsMVP,nickmvp) values ('0009','SKT1','UOL','UOL',34,'Softyck');
insert into estadisticas (codigopartido,nickequipo1,nickequipo2,equipoganador,numkillsMVP,nickmvp) values ('0010','MYM','CPW','CPW',23,'Bandito');
insert into estadisticas (codigopartido,nickequipo1,nickequipo2,equipoganador,numkillsMVP,nickmvp) values ('0011','TITANS','ORIGEN','TITANS',22,'Mkn');
insert into estadisticas (codigopartido,nickequipo1,nickequipo2,equipoganador,numkillsMVP,nickmvp) values ('0012','GIANTS','H2K','GIANTS',28,'Get_Right');
insert into estadisticas (codigopartido,nickequipo1,nickequipo2,equipoganador,numkillsMVP,nickmvp) values ('0013','FNC','SKT1','FNC',18,'Laber');
insert into estadisticas (codigopartido,nickequipo1,nickequipo2,equipoganador,numkillsMVP,nickmvp) values ('0014','UOL','MYM','UOL',21,'Mariet');
insert into estadisticas (codigopartido,nickequipo1,nickequipo2,equipoganador,numkillsMVP,nickmvp) values ('0015','ROCC','CPW','CPW',19,'Bandito');
insert into estadisticas (codigopartido,nickequipo1,nickequipo2,equipoganador,numkillsMVP,nickmvp) values ('0016','ORIGEN','ROCC','ORIGEN',10,'Nach');
insert into estadisticas (codigopartido,nickequipo1,nickequipo2,equipoganador,numkillsMVP,nickmvp) values ('0017','H2K','TITANS','TITANS',8,'Mkn');
insert into estadisticas (codigopartido,nickequipo1,nickequipo2,equipoganador,numkillsMVP,nickmvp) values ('0018','SKT1','GIANTS','GIANTS',38,'Get_Right');
insert into estadisticas (codigopartido,nickequipo1,nickequipo2,equipoganador,numkillsMVP,nickmvp) values ('0019','MYM','FNC','FNC',21,'Wpt');
insert into estadisticas (codigopartido,nickequipo1,nickequipo2,equipoganador,numkillsMVP,nickmvp) values ('0020','CPW','UOL','UOL',19,'Softyck');
insert into estadisticas (codigopartido,nickequipo1,nickequipo2,equipoganador,numkillsMVP,nickmvp) values ('0021','TITANS','SKT1','TITANS',18,'Mkn');
insert into estadisticas (codigopartido,nickequipo1,nickequipo2,equipoganador,numkillsMVP,nickmvp) values ('0022','ORIGEN','H2K','ORIGEN',17,'Nach');
insert into estadisticas (codigopartido,nickequipo1,nickequipo2,equipoganador,numkillsMVP,nickmvp) values ('0023','GIANTS','MYM','GIANTS',16,'Get_Right');
insert into estadisticas (codigopartido,nickequipo1,nickequipo2,equipoganador,numkillsMVP,nickmvp) values ('0024','CPW','FNC','FNC',20,'Wpt');
insert into estadisticas (codigopartido,nickequipo1,nickequipo2,equipoganador,numkillsMVP,nickmvp) values ('0025','ROCC','UOL','UOL',20,'Mojito');
insert into estadisticas (codigopartido,nickequipo1,nickequipo2,equipoganador,numkillsMVP,nickmvp) values ('0026','H2K','UOL','UOL',28,'Mokito');
insert into estadisticas (codigopartido,nickequipo1,nickequipo2,equipoganador,numkillsMVP,nickmvp) values ('0027','ORIGEN','SKT1','ORIGEN',21,'Kase');
insert into estadisticas (codigopartido,nickequipo1,nickequipo2,equipoganador,numkillsMVP,nickmvp) values ('0028','MYM','TITANS','TITANS',22,'Moli');
insert into estadisticas (codigopartido,nickequipo1,nickequipo2,equipoganador,numkillsMVP,nickmvp) values ('0029','CPW','GIANTS','GIANTS',22,'joveN');
insert into estadisticas (codigopartido,nickequipo1,nickequipo2,equipoganador,numkillsMVP,nickmvp) values ('0030','ROCC','FNC','FNC',23,'Laber');
insert into estadisticas (codigopartido,nickequipo1,nickequipo2,equipoganador,numkillsMVP,nickmvp) values ('0031','H2K','SKT1','H2K',25,'Mesmer');
insert into estadisticas (codigopartido,nickequipo1,nickequipo2,equipoganador,numkillsMVP,nickmvp) values ('0032','ORIGEN','MYM','ORIGEN',25,'Kase');
insert into estadisticas (codigopartido,nickequipo1,nickequipo2,equipoganador,numkillsMVP,nickmvp) values ('0033','TITANS','CPW','TITANS',23,'Yona');
insert into estadisticas (codigopartido,nickequipo1,nickequipo2,equipoganador,numkillsMVP,nickmvp) values ('0034','GIANTS','ROCC','GIANTS',23,'joveN');
insert into estadisticas (codigopartido,nickequipo1,nickequipo2,equipoganador,numkillsMVP,nickmvp) values ('0035','FNC','UOL','FNC',22,'Wpt');
insert into estadisticas (codigopartido,nickequipo1,nickequipo2,equipoganador,numkillsMVP,nickmvp) values ('0036','SKT1','FNC','FNC',22,'Wpt');
insert into estadisticas (codigopartido,nickequipo1,nickequipo2,equipoganador,numkillsMVP,nickmvp) values ('0037','MYM','H2K','H2K',21,'Mesmer');
insert into estadisticas (codigopartido,nickequipo1,nickequipo2,equipoganador,numkillsMVP,nickmvp) values ('0038','CPW','ORIGEN','ORIGEN',18,'Kase');
insert into estadisticas (codigopartido,nickequipo1,nickequipo2,equipoganador,numkillsMVP,nickmvp) values ('0039','ROCC','TITANS','TITANS',18,'Yona');
insert into estadisticas (codigopartido,nickequipo1,nickequipo2,equipoganador,numkillsMVP,nickmvp) values ('0040','GIANTS','UOL','GIANTS',18,'joveN');
insert into estadisticas (codigopartido,nickequipo1,nickequipo2,equipoganador,numkillsMVP,nickmvp) values ('0041','SKT1','MYM','SKT1',24,'Negative');
insert into estadisticas (codigopartido,nickequipo1,nickequipo2,equipoganador,numkillsMVP,nickmvp) values ('0042','H2K','CPW','H2K',19,'Mesmer');
insert into estadisticas (codigopartido,nickequipo1,nickequipo2,equipoganador,numkillsMVP,nickmvp) values ('0043','ORIGEN','ROCC','ORIGEN',35,'Nach');
insert into estadisticas (codigopartido,nickequipo1,nickequipo2,equipoganador,numkillsMVP,nickmvp) values ('0044','UOL','TITANS','TITANS',25,'Yona');
insert into estadisticas (codigopartido,nickequipo1,nickequipo2,equipoganador,numkillsMVP,nickmvp) values ('0045','GIANTS','FNC','GIANTS',38,'Get_Right');
insert into estadisticas (codigopartido,nickequipo1,nickequipo2,equipoganador,numkillsMVP,nickmvp) values ('0046','MYM','GIANTS','GIANTS',26,'joveN');
insert into estadisticas (codigopartido,nickequipo1,nickequipo2,equipoganador,numkillsMVP,nickmvp) values ('0047','SKT1','CPW','SKT1',16,'Slither');
insert into estadisticas (codigopartido,nickequipo1,nickequipo2,equipoganador,numkillsMVP,nickmvp) values ('0048','H2K','ROCC','H2K',8,'Mesmer');
insert into estadisticas (codigopartido,nickequipo1,nickequipo2,equipoganador,numkillsMVP,nickmvp) values ('0049','UOL','ORIGEN','ORIGEN',9,'Nach');
insert into estadisticas (codigopartido,nickequipo1,nickequipo2,equipoganador,numkillsMVP,nickmvp) values ('0050','FNC','TITANS','TITANS',20,'Deon');

insert into estadisticas (codigopartido,nickequipo1,nickequipo2,equipoganador,numkillsMVP,nickmvp) values ('0051','C9','LMP','C9',18,'Santam1');
insert into estadisticas (codigopartido,nickequipo1,nickequipo2,equipoganador,numkillsMVP,nickmvp) values ('0052','TSM','CLG','TSM',18,'Killa');
insert into estadisticas (codigopartido,nickequipo1,nickequipo2,equipoganador,numkillsMVP,nickmvp) values ('0053','DIG','HELL','DIG',18,'Cabochard');
insert into estadisticas (codigopartido,nickequipo1,nickequipo2,equipoganador,numkillsMVP,nickmvp) values ('0054','ATLAS','ATM','ATLAS',18,'Violter');
insert into estadisticas (codigopartido,nickequipo1,nickequipo2,equipoganador,numkillsMVP,nickmvp) values ('0055','RPG','MNW','RPG',18,'Badmaners');
insert into estadisticas (codigopartido,nickequipo1,nickequipo2,equipoganador,numkillsMVP,nickmvp) values ('0056','LMP','RPG','LMP',18,'Badmaners');
insert into estadisticas (codigopartido,nickequipo1,nickequipo2,equipoganador,numkillsMVP,nickmvp) values ('0057','CLG','C9','C9',18,'Santam1');
insert into estadisticas (codigopartido,nickequipo1,nickequipo2,equipoganador,numkillsMVP,nickmvp) values ('0058','HELL','TSM','TSM',18,'Supahdupa');
insert into estadisticas (codigopartido,nickequipo1,nickequipo2,equipoganador,numkillsMVP,nickmvp) values ('0059','ATM','DIG','DIG',18,'Cabochard');
insert into estadisticas (codigopartido,nickequipo1,nickequipo2,equipoganador,numkillsMVP,nickmvp) values ('0060','MNW','ATLAS','ATLAS',18,'Rupert1');
insert into estadisticas (codigopartido,nickequipo1,nickequipo2,equipoganador,numkillsMVP,nickmvp) values ('0061','LMP','CLG','LMP',18,'Usuxbro');
insert into estadisticas (codigopartido,nickequipo1,nickequipo2,equipoganador,numkillsMVP,nickmvp) values ('0062','C9','HELL','C9',18,'Santam1');
insert into estadisticas (codigopartido,nickequipo1,nickequipo2,equipoganador,numkillsMVP,nickmvp) values ('0063','TSM','ATM','TSM',18,'Supahdupa');
insert into estadisticas (codigopartido,nickequipo1,nickequipo2,equipoganador,numkillsMVP,nickmvp) values ('0064','DIG','MNW','DIG',18,'Cabochard');
insert into estadisticas (codigopartido,nickequipo1,nickequipo2,equipoganador,numkillsMVP,nickmvp) values ('0065','RPG','ATLAS','ATLAS',18,'Rupert1');
insert into estadisticas (codigopartido,nickequipo1,nickequipo2,equipoganador,numkillsMVP,nickmvp) values ('0066','CLG','RPG','CLG',18,'Killa');
insert into estadisticas (codigopartido,nickequipo1,nickequipo2,equipoganador,numkillsMVP,nickmvp) values ('0067','HELL','LMP','LMP',18,'Usuxbro');
insert into estadisticas (codigopartido,nickequipo1,nickequipo2,equipoganador,numkillsMVP,nickmvp) values ('0068','ATM','C9','C9',18,'Santam1');
insert into estadisticas (codigopartido,nickequipo1,nickequipo2,equipoganador,numkillsMVP,nickmvp) values ('0069','MNW','TSM','TSM',18,'Supahdupa');
insert into estadisticas (codigopartido,nickequipo1,nickequipo2,equipoganador,numkillsMVP,nickmvp) values ('0070','ATLAS','DIG','DIG',18,'Rupert1');
insert into estadisticas (codigopartido,nickequipo1,nickequipo2,equipoganador,numkillsMVP,nickmvp) values ('0071','LMP','ATM','LMP',18,'Usuxbro');
insert into estadisticas (codigopartido,nickequipo1,nickequipo2,equipoganador,numkillsMVP,nickmvp) values ('0072','CLG','HELL','CLG',18,'Killa');
insert into estadisticas (codigopartido,nickequipo1,nickequipo2,equipoganador,numkillsMVP,nickmvp) values ('0073','C9','MNW','C9',18,'Tramerillov2');
insert into estadisticas (codigopartido,nickequipo1,nickequipo2,equipoganador,numkillsMVP,nickmvp) values ('0074','ATLAS','TSM','TSM',18,'Fanfarr');
insert into estadisticas (codigopartido,nickequipo1,nickequipo2,equipoganador,numkillsMVP,nickmvp) values ('0075','RPG','DIG','DIG',18,'Caretal');
insert into estadisticas (codigopartido,nickequipo1,nickequipo2,equipoganador,numkillsMVP,nickmvp) values ('0076','HELL','DIG','DIG',18,'Caretal');
insert into estadisticas (codigopartido,nickequipo1,nickequipo2,equipoganador,numkillsMVP,nickmvp) values ('0077','CLG','ATM','CLG',18,'MonstA');
insert into estadisticas (codigopartido,nickequipo1,nickequipo2,equipoganador,numkillsMVP,nickmvp) values ('0078','MNW','LMP','LMP',18,'24hplaying');
insert into estadisticas (codigopartido,nickequipo1,nickequipo2,equipoganador,numkillsMVP,nickmvp) values ('0079','ATLAS','C9','C9',18,'Ml03le');
insert into estadisticas (codigopartido,nickequipo1,nickequipo2,equipoganador,numkillsMVP,nickmvp) values ('0080','RPG','TSM','TSM',18,'Fanfarr');
insert into estadisticas (codigopartido,nickequipo1,nickequipo2,equipoganador,numkillsMVP,nickmvp) values ('0081','HELL','ATM','HELL',18,'Aeros');
insert into estadisticas (codigopartido,nickequipo1,nickequipo2,equipoganador,numkillsMVP,nickmvp) values ('0082','CLG','MNW','CLG',18,'MonstA');
insert into estadisticas (codigopartido,nickequipo1,nickequipo2,equipoganador,numkillsMVP,nickmvp) values ('0083','LMP','ATLAS','LMP',18,'Sohard');
insert into estadisticas (codigopartido,nickequipo1,nickequipo2,equipoganador,numkillsMVP,nickmvp) values ('0084','C9','RPG','C9',18,'Ml03le');
insert into estadisticas (codigopartido,nickequipo1,nickequipo2,equipoganador,numkillsMVP,nickmvp) values ('0085','TSM','DIG','TSM',18,'Fanfarr');
insert into estadisticas (codigopartido,nickequipo1,nickequipo2,equipoganador,numkillsMVP,nickmvp) values ('0086','ATM','TSM','TSM',18,'Fanfarr');
insert into estadisticas (codigopartido,nickequipo1,nickequipo2,equipoganador,numkillsMVP,nickmvp) values ('0087','MNW','HELL','HELL',18,'Aeros');
insert into estadisticas (codigopartido,nickequipo1,nickequipo2,equipoganador,numkillsMVP,nickmvp) values ('0088','ATLAS','CLG','CLG',18,'MonstA');
insert into estadisticas (codigopartido,nickequipo1,nickequipo2,equipoganador,numkillsMVP,nickmvp) values ('0089','RPG','LMP','LMP',18,'Badmaners');
insert into estadisticas (codigopartido,nickequipo1,nickequipo2,equipoganador,numkillsMVP,nickmvp) values ('0090','C9','DIG','C9',18,'Ml03le');
insert into estadisticas (codigopartido,nickequipo1,nickequipo2,equipoganador,numkillsMVP,nickmvp) values ('0091','ATM','MNW','ATM',18,'Violter');
insert into estadisticas (codigopartido,nickequipo1,nickequipo2,equipoganador,numkillsMVP,nickmvp) values ('0092','HELL','ATLAS','HELL',18,'Aeros');
insert into estadisticas (codigopartido,nickequipo1,nickequipo2,equipoganador,numkillsMVP,nickmvp) values ('0093','CLG','RPG','CLG',18,'MonstA');
insert into estadisticas (codigopartido,nickequipo1,nickequipo2,equipoganador,numkillsMVP,nickmvp) values ('0094','DIG','LMP','LMP',18,'Patal1');
insert into estadisticas (codigopartido,nickequipo1,nickequipo2,equipoganador,numkillsMVP,nickmvp) values ('0095','C9','TSM','C9',18,'Ml03le');
insert into estadisticas (codigopartido,nickequipo1,nickequipo2,equipoganador,numkillsMVP,nickmvp) values ('0096','MNW','C9','C9',18,'Ml03le');
insert into estadisticas (codigopartido,nickequipo1,nickequipo2,equipoganador,numkillsMVP,nickmvp) values ('0097','ATM','ATLAS','ATLAS',18,'Rupert1');
insert into estadisticas (codigopartido,nickequipo1,nickequipo2,equipoganador,numkillsMVP,nickmvp) values ('0098','HELL','RPG','HELL',18,'Xdlol');
insert into estadisticas (codigopartido,nickequipo1,nickequipo2,equipoganador,numkillsMVP,nickmvp) values ('0099','DIG','CLG','CLG',18,'MonstA');
insert into estadisticas (codigopartido,nickequipo1,nickequipo2,equipoganador,numkillsMVP,nickmvp) values ('0100','TSM','LMP','LMP',18,'Patal1');


COMMIT;
